section	url	status	checked_on_utc	source
gfql_docs	https://hub.graphistry.com/docs/GFQL/gfql-api/	200	2026-03-08T04:21:58Z	https://hub.graphistry.com/docs/api/
gfql_docs	https://hub.graphistry.com/docs/GFQL/gfql-operations/	200	2026-03-08T04:21:59Z	https://hub.graphistry.com/docs/api/
gfql_docs	https://hub.graphistry.com/docs/GFQL/gfql-predicates/	200	2026-03-08T04:21:59Z	https://hub.graphistry.com/docs/api/
python_query_docs	https://hub.graphistry.com/docs/Python/python-api/	200	2026-03-08T04:21:59Z	https://hub.graphistry.com/docs/api/
udf_endpoints	https://hub.graphistry.com/docs/UDF/gfql-udf-api/	200	2026-03-08T04:22:00Z	https://hub.graphistry.com/docs/api/
udf_endpoints	https://hub.graphistry.com/docs/UDF/py-udf-api/	200	2026-03-08T04:22:00Z	https://hub.graphistry.com/docs/api/
api_index	https://hub.graphistry.com/docs/api/	200	2026-03-08T04:22:00Z	https://hub.graphistry.com/docs/api/
api_v1_rest	https://hub.graphistry.com/docs/api/1/rest/auth/	200	2026-03-08T04:22:00Z	https://hub.graphistry.com/docs/api/
api_v1_rest	https://hub.graphistry.com/docs/api/1/rest/url/	200	2026-03-08T04:22:01Z	https://hub.graphistry.com/docs/api/
api_v2_rest	https://hub.graphistry.com/docs/api/2/rest/curl-tutorial/	200	2026-03-08T04:22:01Z	https://hub.graphistry.com/docs/api/
api_v2_rest	https://hub.graphistry.com/docs/api/2/rest/field-controls/	200	2026-03-08T04:22:01Z	https://hub.graphistry.com/docs/api/
api_v2_rest	https://hub.graphistry.com/docs/api/2/rest/field-controls/computed/	200	2026-03-08T04:22:01Z	https://hub.graphistry.com/docs/api/
api_v2_rest	https://hub.graphistry.com/docs/api/2/rest/field-controls/exclusion/	200	2026-03-08T04:22:02Z	https://hub.graphistry.com/docs/api/
api_v2_rest	https://hub.graphistry.com/docs/api/2/rest/field-controls/inclusion/	200	2026-03-08T04:22:02Z	https://hub.graphistry.com/docs/api/
api_v2_rest	https://hub.graphistry.com/docs/api/2/rest/field-controls/null-handling/	200	2026-03-08T04:22:02Z	https://hub.graphistry.com/docs/api/
api_v2_rest	https://hub.graphistry.com/docs/api/2/rest/files/	200	2026-03-08T04:22:02Z	https://hub.graphistry.com/docs/api/
api_v2_rest	https://hub.graphistry.com/docs/api/2/rest/health/	200	2026-03-08T04:22:02Z	https://hub.graphistry.com/docs/api/
api_v2_rest	https://hub.graphistry.com/docs/api/2/rest/schema/	200	2026-03-08T04:22:03Z	https://hub.graphistry.com/docs/api/
api_v2_rest	https://hub.graphistry.com/docs/api/2/rest/sso/	200	2026-03-08T04:22:03Z	https://hub.graphistry.com/docs/api/
api_v2_rest	https://hub.graphistry.com/docs/api/2/rest/upload/	200	2026-03-08T04:22:03Z	https://hub.graphistry.com/docs/api/
api_v2_rest	https://hub.graphistry.com/docs/api/2/rest/upload/colors/	200	2026-03-08T04:22:03Z	https://hub.graphistry.com/docs/api/
api_v2_rest	https://hub.graphistry.com/docs/api/2/rest/upload/complex/	200	2026-03-08T04:22:04Z	https://hub.graphistry.com/docs/api/
api_v2_rest	https://hub.graphistry.com/docs/api/2/rest/upload/complex/axis/	200	2026-03-08T04:22:04Z	https://hub.graphistry.com/docs/api/
api_v2_rest	https://hub.graphistry.com/docs/api/2/rest/upload/complex/badges/	200	2026-03-08T04:22:04Z	https://hub.graphistry.com/docs/api/
api_v2_rest	https://hub.graphistry.com/docs/api/2/rest/upload/complex/filtering/	200	2026-03-08T04:22:04Z	https://hub.graphistry.com/docs/api/
api_v2_rest	https://hub.graphistry.com/docs/api/2/rest/upload/complex/icons/	200	2026-03-08T04:22:05Z	https://hub.graphistry.com/docs/api/
api_v2_rest	https://hub.graphistry.com/docs/api/2/rest/upload/data/	200	2026-03-08T04:22:05Z	https://hub.graphistry.com/docs/api/
api_v2_rest	https://hub.graphistry.com/docs/api/2/rest/upload/edge-weights/	200	2026-03-08T04:22:05Z	https://hub.graphistry.com/docs/api/
api_v2_rest	https://hub.graphistry.com/docs/api/2/rest/upload/metadata/	200	2026-03-08T04:22:06Z	https://hub.graphistry.com/docs/api/
api_index	https://hub.graphistry.com/docs/api/api-color-palettes/	200	2026-03-08T04:22:06Z	https://hub.graphistry.com/docs/api/
api_experimental_rest	https://hub.graphistry.com/docs/api/experimental/rest/sessions/	200	2026-03-08T04:22:06Z	https://hub.graphistry.com/docs/api/
